TID;Target;Stance;Sentiment;Intent
633656960563417;Galatasaray;Favor;Positive;Good-Wishes
633657887320068;Galatasaray;Favor;Positive;Good-Wishes
633659304592166;Galatasaray;Favor;Positive;Support
633660220959498;Galatasaray;Favor;Negative;Ridicule
633660438954274;Galatasaray;Favor;Positive;Cheer
633661552017735;Galatasaray;Favor;Positive;Support
633661607852253;Galatasaray;Favor;Positive;Support
633664327036366;Galatasaray;Favor;Positive;Support
633665657511518;Galatasaray;Favor;Negative;Good-Wishes
633665712536592;Galatasaray;Favor;Positive;Good-Wishes
633665970729558;Galatasaray;Favor;Positive;Support
633667013915885;Galatasaray;Favor;Positive;Support
633670184373460;Galatasaray;Favor;Neither;Support
633670372630597;Galatasaray;Favor;Positive;Support
633670823195373;Galatasaray;Favor;Neither;Cheer
633670940438720;Galatasaray;Favor;Positive;Support
633670952216363;Galatasaray;Favor;Positive;Support
633670964216233;Galatasaray;Favor;Positive;Support
633671094499717;Galatasaray;Favor;Positive;Cheer
633671253187031;Galatasaray;Favor;Positive;Support
633671324527906;Galatasaray;Favor;Positive;Support
633672166270177;Galatasaray;Favor;Positive;Support
633672423204868;Galatasaray;Favor;Positive;Cheer
633673263852425;Galatasaray;Favor;Positive;Support
633673442605334;Galatasaray;Favor;Positive;Support
633675876761255;Galatasaray;Favor;Negative;Support
633677086268497;Galatasaray;Favor;Positive;Support
633677440515219;Galatasaray;Favor;Neither;Cheer
633680079541944;Galatasaray;Favor;Positive;Cheer
633680113155055;Galatasaray;Favor;Positive;Support
633683068608491;Galatasaray;Favor;Positive;Support
633684327709167;Galatasaray;Favor;Positive;Support
633684689807667;Galatasaray;Favor;Neither;Support
633686096602337;Galatasaray;Favor;Positive;Support
633686154924195;Galatasaray;Favor;Positive;Support
633686181876776;Galatasaray;Favor;Positive;Support
633686315784138;Galatasaray;Favor;Positive;Support
633687095085789;Galatasaray;Favor;Positive;Support
633687417950748;Galatasaray;Favor;Neither;Support
633688360880578;Galatasaray;Favor;Positive;Good-Wishes
633688716985434;Galatasaray;Favor;Positive;Support
633689430700765;Galatasaray;Favor;Positive;Support
633690068637642;Galatasaray;Favor;Positive;Good-Wishes
633690713688047;Galatasaray;Favor;Positive;Support
633693267830394;Galatasaray;Favor;Positive;Support
633693288130834;Galatasaray;Favor;Positive;Support
633693315611934;Galatasaray;Favor;Positive;Support
633693602405830;Galatasaray;Favor;Negative;Cheer
633694082708148;Galatasaray;Favor;Positive;Support
633696803850948;Galatasaray;Favor;Positive;Cheer
633698186847195;Galatasaray;Favor;Positive;Support
633699362330279;Galatasaray;Favor;Positive;Good-Wishes
633701857924390;Galatasaray;Favor;Neither;Good-Wishes
633702344040034;Galatasaray;Favor;Positive;Support
633702456871026;Galatasaray;Favor;Positive;Support
633702911978172;Galatasaray;Favor;Positive;Support
633703103280324;Galatasaray;Favor;Positive;Support
633703484139929;Galatasaray;Favor;Positive;Cheer
633704291266641;Galatasaray;Favor;Negative;Support
633704633110765;Galatasaray;Favor;Negative;Support
633705797684432;Galatasaray;Favor;Positive;Support
633706239600513;Galatasaray;Favor;Positive;Good-Wishes
633706870121857;Galatasaray;Favor;Positive;Support
633707203837489;Galatasaray;Favor;Positive;Cheer
633707431818870;Galatasaray;Favor;Positive;Support
633708014214737;Galatasaray;Favor;Positive;Support
633708669839015;Galatasaray;Favor;Negative;Cheer
633709050904080;Galatasaray;Favor;Positive;Support
633989457004335;Galatasaray;Favor;Positive;Support
633990177275420;Galatasaray;Favor;Positive;Support
634003986115371;Galatasaray;Favor;Positive;Support
634008541251153;Galatasaray;Favor;Positive;Support
634010435721805;Galatasaray;Favor;Positive;Support
634018739646808;Galatasaray;Favor;Positive;Support
634027030204563;Galatasaray;Favor;Neither;Cheer
634033369219747;Galatasaray;Favor;Positive;Cheer
634033409942257;Galatasaray;Favor;Positive;Support
634033478733008;Galatasaray;Favor;Positive;Support
634034462859395;Galatasaray;Favor;Neither;Insult
634040502262870;Galatasaray;Favor;Positive;Cheer
634347293228011;Galatasaray;Favor;Positive;Support
634349305776762;Galatasaray;Favor;Positive;Support
634350798827335;Galatasaray;Favor;Positive;Cheer
634354619775324;Galatasaray;Favor;Positive;Support
634367792213565;Galatasaray;Favor;Positive;Support
634369894507786;Galatasaray;Favor;Neither;Support
634370652624027;Galatasaray;Favor;Positive;Support
634377362193416;Galatasaray;Favor;Positive;Support
634381985218187;Galatasaray;Favor;Neither;Support
634390350044508;Galatasaray;Favor;Neither;Support
634392508508803;Galatasaray;Favor;Positive;Support
634395794456584;Galatasaray;Favor;Positive;Support
634401607300575;Galatasaray;Favor;Positive;Support
634403606763077;Galatasaray;Favor;Positive;Support
634404749580869;Galatasaray;Favor;Positive;Support
634712364923920;Galatasaray;Favor;Positive;Support
634715595116822;Galatasaray;Favor;Positive;Support
634719099810115;Galatasaray;Favor;Positive;Support
634719429113323;Galatasaray;Favor;Positive;Support
634721070763909;Galatasaray;Favor;Neither;Support
634723441258692;Galatasaray;Favor;Positive;Support
634725098684084;Galatasaray;Favor;Neither;Ridicule
634725692404551;Galatasaray;Favor;Positive;Support
634726028489977;Galatasaray;Favor;Neither;Support
634726570347900;Galatasaray;Favor;Positive;Support
634728219829248;Galatasaray;Favor;Positive;Support
634730599987716;Galatasaray;Favor;Positive;Support
634733862346719;Galatasaray;Favor;Neither;Support
634737931505266;Galatasaray;Favor;Positive;Support
634741881520451;Galatasaray;Favor;Positive;Support
634742710323314;Galatasaray;Favor;Positive;Support
634748767690981;Galatasaray;Favor;Positive;Support
634752120567267;Galatasaray;Favor;Positive;Support
634758226941243;Galatasaray;Favor;Positive;Support
634758690684436;Galatasaray;Favor;Positive;Support
634770469300908;Galatasaray;Favor;Positive;Support
635078788687249;Galatasaray;Favor;Positive;Support
635080566921166;Galatasaray;Favor;Positive;Cheer
635082343288578;Galatasaray;Favor;Positive;Cheer
635082784336429;Galatasaray;Favor;Positive;Cheer
635083930652291;Galatasaray;Favor;Positive;Cheer
635085550660272;Galatasaray;Favor;Positive;Support
635093805209927;Galatasaray;Favor;Positive;Support
635094014849642;Galatasaray;Favor;Neither;Support
635098530588291;Galatasaray;Favor;Positive;Support
635100921375137;Galatasaray;Favor;Positive;Support
635111528379883;Galatasaray;Favor;Neither;Support
635115642606231;Galatasaray;Favor;Positive;Support
635120508732874;Galatasaray;Favor;Positive;Support
635121487071059;Galatasaray;Favor;Positive;Support
635126486916333;Galatasaray;Favor;Negative;Support
635126638976573;Galatasaray;Favor;Positive;Support
635129871296020;Galatasaray;Favor;Positive;Support
635131106757623;Galatasaray;Favor;Positive;Support
635131552956055;Galatasaray;Favor;Positive;Support
635134281417945;Galatasaray;Favor;Positive;Support
635134463069028;Galatasaray;Favor;Positive;Support
635135011675619;Galatasaray;Favor;Positive;Support
635135121281126;Galatasaray;Favor;Positive;Support
635136268402323;Galatasaray;Favor;Positive;Support
635450841273626;Galatasaray;Favor;Positive;Good-Wishes
635452809442394;Galatasaray;Favor;Positive;Support
635464503338106;Galatasaray;Favor;Positive;Support
635465074665222;Galatasaray;Favor;Negative;Ridicule
635468049999659;Galatasaray;Favor;Positive;Support
635469294273458;Galatasaray;Favor;Positive;Support
635480790273495;Galatasaray;Favor;Negative;Support
635482771218132;Galatasaray;Favor;Positive;Support
635482923236487;Galatasaray;Favor;Positive;Support
635489936947445;Galatasaray;Favor;Positive;Support
635490098503659;Galatasaray;Favor;Positive;Support
635492787077709;Galatasaray;Favor;Positive;Support
635797000496263;Galatasaray;Favor;Positive;Support
635798598853246;Galatasaray;Favor;Positive;Support
635799517175128;Galatasaray;Favor;Positive;Support
635801092811563;Galatasaray;Favor;Positive;Cheer
635801483611631;Galatasaray;Favor;Positive;Support
635803276496236;Galatasaray;Favor;Positive;Support
635805712493375;Galatasaray;Favor;Positive;Support
635805781665910;Galatasaray;Favor;Negative;Ridicule
635810049168961;Galatasaray;Favor;Positive;Support
635813229864816;Galatasaray;Favor;Neither;Support
635813728911536;Galatasaray;Favor;Neither;Support
635814487468150;Galatasaray;Favor;Positive;Support
635816436460597;Galatasaray;Favor;Positive;Support
635819537464721;Galatasaray;Favor;Positive;Support
635820826080751;Galatasaray;Favor;Positive;Cheer
635821006679068;Galatasaray;Favor;Positive;Support
635822235715022;Galatasaray;Favor;Positive;Support
635822952215379;Galatasaray;Favor;Positive;Support
635823595151826;Galatasaray;Favor;Positive;Support
635826609136750;Galatasaray;Favor;Positive;Support
635837303861198;Galatasaray;Favor;Positive;Support
635837350157922;Galatasaray;Favor;Neither;Support
635839490867752;Galatasaray;Favor;Positive;Support
635843213727793;Galatasaray;Favor;Positive;Support
635845602853679;Galatasaray;Favor;Positive;Support
635845603801604;Galatasaray;Favor;Positive;Support
635847042129100;Galatasaray;Favor;Positive;Support
635847138937843;Galatasaray;Favor;Positive;Cheer
635854793349681;Galatasaray;Favor;Neither;Support
636172802245152;Galatasaray;Favor;Positive;Support
636176422202134;Galatasaray;Favor;Positive;Support
636177651011592;Galatasaray;Favor;Positive;Support
636188476891918;Galatasaray;Favor;Positive;Support
636190114952183;Galatasaray;Favor;Neither;Support
636197760233009;Galatasaray;Favor;Positive;Support
636197770697687;Galatasaray;Favor;Positive;Support
636197879053426;Galatasaray;Favor;Neither;Support
636203629079306;Galatasaray;Favor;Positive;Support
636207807356870;Galatasaray;Favor;Positive;Support
636207916710764;Galatasaray;Favor;Positive;Cheer
636532168274128;Galatasaray;Favor;Positive;Cheer
636548558141923;Galatasaray;Favor;Negative;Ridicule
636565809154891;Galatasaray;Favor;Positive;Support
636567132898205;Galatasaray;Favor;Positive;Support
636568042634395;Galatasaray;Favor;Positive;Support
636570059796795;Galatasaray;Favor;Neither;Cheer
636572696491462;Galatasaray;Favor;Positive;Support
636574831908126;Galatasaray;Favor;Positive;Support
636576613333925;Galatasaray;Favor;Positive;Support
636884459107823;Galatasaray;Favor;Neither;Support
636885855727190;Galatasaray;Favor;Positive;Good-Wishes
636887623064227;Galatasaray;Favor;Negative;Ridicule
636890899751010;Galatasaray;Favor;Positive;Support
636895108495974;Galatasaray;Favor;Positive;Support
636898642213928;Galatasaray;Favor;Negative;Good-Wishes
636899167630163;Galatasaray;Favor;Positive;Support
636908693372715;Galatasaray;Favor;Positive;Support
636908818333593;Galatasaray;Favor;Positive;Support
636915936746938;Galatasaray;Favor;Positive;Support
636919936502366;Galatasaray;Favor;Positive;Support
636932305097986;Galatasaray;Favor;Positive;Support
636932537646993;Galatasaray;Favor;Positive;Support
636933031744401;Galatasaray;Favor;Positive;Good-Wishes
636938610357465;Galatasaray;Favor;Positive;Support
636938634147594;Galatasaray;Favor;Positive;Support
636938642653622;Galatasaray;Favor;Positive;Support
636938701805891;Galatasaray;Favor;Positive;Good-Wishes
636938788737024;Galatasaray;Favor;Positive;Good-Wishes
636938810715189;Galatasaray;Favor;Positive;Good-Wishes
636938840700264;Galatasaray;Favor;Positive;Support
636938936569434;Galatasaray;Favor;Positive;Support
636938994295697;Galatasaray;Favor;Positive;Good-Wishes
636939123195031;Galatasaray;Favor;Positive;Good-Wishes
636939172117397;Galatasaray;Favor;Negative;Cheer
636939217638150;Galatasaray;Favor;Positive;Support
637246354725728;Galatasaray;Favor;Positive;Support
637258675766362;Galatasaray;Favor;Positive;Support
637259653999632;Galatasaray;Favor;Negative;Ridicule
637279734712373;Galatasaray;Favor;Neither;Support
637296421968965;Galatasaray;Favor;Negative;Ridicule
637296510997237;Galatasaray;Favor;Positive;Support
637298274865647;Galatasaray;Favor;Positive;Support
637300152097705;Galatasaray;Favor;Positive;Support
637306055781941;Galatasaray;Favor;Positive;Support
637307129041395;Galatasaray;Favor;Positive;Good-Wishes
637608429679452;Galatasaray;Favor;Positive;Support
637652190270779;Galatasaray;Favor;Positive;Support
637652446769246;Galatasaray;Favor;Positive;Support
637657408567967;Galatasaray;Favor;Positive;Support
637657452457160;Galatasaray;Favor;Positive;Cheer
637658025868820;Galatasaray;Favor;Negative;Ridicule
637661966350290;Galatasaray;Favor;Positive;Support
637663398889717;Galatasaray;Favor;Positive;Support
637663540099289;Galatasaray;Favor;Positive;Support
637663875895328;Galatasaray;Favor;Positive;Support
637666635025920;Galatasaray;Favor;Positive;Cheer
637666766672556;Galatasaray;Favor;Positive;Cheer
637666863263129;Galatasaray;Favor;Neither;Support
637666898604335;Galatasaray;Favor;Positive;Cheer
637667793693986;Galatasaray;Favor;Positive;Good-Wishes
637669002127478;Galatasaray;Favor;Positive;Support
637670238650265;Galatasaray;Favor;Positive;Good-Wishes
638019544066469;Galatasaray;Favor;Positive;Support
638019636114665;Galatasaray;Favor;Positive;Cheer
638020382465912;Galatasaray;Favor;Positive;Support
638022074985000;Galatasaray;Favor;Positive;Cheer
638382015738417;Galatasaray;Favor;Positive;Cheer
638382372254183;Galatasaray;Favor;Positive;Support
638701990189617;Galatasaray;Favor;Positive;Support
638723524656562;Galatasaray;Favor;Positive;Support
638744610756542;Galatasaray;Favor;Positive;Support
639064231946682;Galatasaray;Favor;Positive;Support
639069049058656;Galatasaray;Favor;Negative;Ridicule
639073019072245;Galatasaray;Favor;Positive;Support
639091074443644;Galatasaray;Favor;Positive;Support
639091583367938;Galatasaray;Favor;Neither;Support
639093994933370;Galatasaray;Favor;Positive;Support
633657249035124;Galatasaray;Against;Negative;Ridicule
633658113552465;Galatasaray;Against;Negative;Criticism
633660525411454;Galatasaray;Against;Negative;Criticism
633660639278403;Galatasaray;Against;Negative;Criticism
633663500666208;Galatasaray;Against;Negative;Ridicule
633669035914346;Galatasaray;Against;Negative;Ridicule
633670475135193;Galatasaray;Against;Neither;Support
633670605745856;Galatasaray;Against;Negative;Criticism
633672903221997;Galatasaray;Against;Negative;Ridicule
633673990352052;Galatasaray;Against;Negative;Insult
633674206820081;Galatasaray;Against;Negative;Ridicule
633676696600870;Galatasaray;Against;Negative;Support
633677253705080;Galatasaray;Against;Negative;Criticism
633679325678731;Galatasaray;Against;Negative;Criticism
633679621846904;Galatasaray;Against;Negative;Insult
633679660157673;Galatasaray;Against;Negative;Criticism
633684785190322;Galatasaray;Against;Negative;Ridicule
633688586395746;Galatasaray;Against;Neither;Support
633689960919470;Galatasaray;Against;Negative;Ridicule
633691029787553;Galatasaray;Against;Negative;Ridicule
633693387208683;Galatasaray;Against;Negative;Ridicule
633693822581633;Galatasaray;Against;Negative;Criticism
633698261241565;Galatasaray;Against;Negative;Criticism
633698649164378;Galatasaray;Against;Negative;Criticism
633701285469007;Galatasaray;Against;Negative;Criticism
633701622103846;Galatasaray;Against;Negative;Ridicule
633703038218338;Galatasaray;Against;Negative;Ridicule
633705254576631;Galatasaray;Against;Negative;Ridicule
633705271106342;Galatasaray;Against;Negative;Ridicule
633706783010365;Galatasaray;Against;Negative;Ridicule
633708348249128;Galatasaray;Against;Negative;Criticism
633708549097525;Galatasaray;Against;Negative;Ridicule
633708920889057;Galatasaray;Against;Negative;Ridicule
633990419911733;Galatasaray;Against;Negative;Criticism
633991910621859;Galatasaray;Against;Negative;Criticism
633993564020711;Galatasaray;Against;Negative;Criticism
633996380906852;Galatasaray;Against;Negative;Insult
634026151506235;Galatasaray;Against;Negative;Ridicule
634034295657603;Galatasaray;Against;Negative;Insult
634034402109038;Galatasaray;Against;Negative;Criticism
634034524553379;Galatasaray;Against;Negative;Criticism
634359011933061;Galatasaray;Against;Negative;Criticism
634370995755843;Galatasaray;Against;Negative;Insult
634372573212639;Galatasaray;Against;Negative;Criticism
634375607124627;Galatasaray;Against;Negative;Insult
634375634488311;Galatasaray;Against;Negative;Criticism
634376128208224;Galatasaray;Against;Negative;Criticism
634376166602899;Galatasaray;Against;Negative;Criticism
634383810138869;Galatasaray;Against;Neither;Support
634386247562215;Galatasaray;Against;Neither;Criticism
634397177142509;Galatasaray;Against;Negative;Criticism
634397566638137;Galatasaray;Against;Negative;Criticism
634728519193468;Galatasaray;Against;Negative;Criticism
634735181920927;Galatasaray;Against;Negative;Criticism
634736512144384;Galatasaray;Against;Negative;Criticism
634741889783189;Galatasaray;Against;Negative;Criticism
634743870551662;Galatasaray;Against;Negative;Criticism
634749840971464;Galatasaray;Against;Negative;Ridicule
634761960266014;Galatasaray;Against;Negative;Ridicule
634768108327186;Galatasaray;Against;Negative;Ridicule
635084739838394;Galatasaray;Against;Negative;Ridicule
635089465275490;Galatasaray;Against;Negative;Insult
635090805615628;Galatasaray;Against;Negative;Criticism
635091541787287;Galatasaray;Against;Negative;Criticism
635092997357600;Galatasaray;Against;Negative;Criticism
635093723014123;Galatasaray;Against;Negative;Criticism
635095747176845;Galatasaray;Against;Negative;Ridicule
635098529908834;Galatasaray;Against;Negative;Criticism
635103079050952;Galatasaray;Against;Negative;Ridicule
635103692354486;Galatasaray;Against;Negative;Criticism
635106907049598;Galatasaray;Against;Negative;Insult
635107285606506;Galatasaray;Against;Negative;Criticism
635108876057210;Galatasaray;Against;Negative;Criticism
635109746689896;Galatasaray;Against;Negative;Criticism
635116507375239;Galatasaray;Against;Negative;Criticism
635118732155686;Galatasaray;Against;Negative;Criticism
635119022749712;Galatasaray;Against;Negative;Criticism
635120434095214;Galatasaray;Against;Negative;Insult
635120947620618;Galatasaray;Against;Negative;Criticism
635129037732622;Galatasaray;Against;Negative;Criticism
635133324357431;Galatasaray;Against;Negative;Criticism
635133716361293;Galatasaray;Against;Neither;Ridicule
635439988906291;Galatasaray;Against;Negative;Ridicule
635453105036001;Galatasaray;Against;Negative;Insult
635453308262580;Galatasaray;Against;Negative;Criticism
635466565677355;Galatasaray;Against;Negative;Criticism
635476819957915;Galatasaray;Against;Negative;Criticism
635485218653270;Galatasaray;Against;Negative;Criticism
635487921093615;Galatasaray;Against;Neither;Support
635492901397635;Galatasaray;Against;Negative;Criticism
635834614452494;Galatasaray;Against;Negative;Ridicule
635837377022427;Galatasaray;Against;Negative;Support
635853646857695;Galatasaray;Against;Negative;Ridicule
636158906671202;Galatasaray;Against;Negative;Criticism
636159067992522;Galatasaray;Against;Negative;Criticism
636159423510126;Galatasaray;Against;Negative;Criticism
636160103239012;Galatasaray;Against;Negative;Criticism
636160412212400;Galatasaray;Against;Negative;Criticism
636160544207192;Galatasaray;Against;Negative;Criticism
636160809907916;Galatasaray;Against;Negative;Criticism
636161021477044;Galatasaray;Against;Negative;Insult
636163943858339;Galatasaray;Against;Negative;Criticism
636164128126697;Galatasaray;Against;Negative;Criticism
636165211276378;Galatasaray;Against;Negative;Criticism
636165220394749;Galatasaray;Against;Negative;Criticism
636165493804634;Galatasaray;Against;Negative;Criticism
636165726089445;Galatasaray;Against;Negative;Criticism
636166677177217;Galatasaray;Against;Negative;Criticism
636166689785290;Galatasaray;Against;Negative;Insult
636167017561739;Galatasaray;Against;Negative;Insult
636168890834386;Galatasaray;Against;Negative;Ridicule
636169064864436;Galatasaray;Against;Negative;Criticism
636169273216471;Galatasaray;Against;Negative;Ridicule
636170324183265;Galatasaray;Against;Negative;Criticism
636172099997073;Galatasaray;Against;Negative;Criticism
636172514113245;Galatasaray;Against;Negative;Criticism
636177801268359;Galatasaray;Against;Negative;Criticism
636180542204051;Galatasaray;Against;Negative;Ridicule
636182220345110;Galatasaray;Against;Negative;Insult
636182533697368;Galatasaray;Against;Negative;Insult
636184813368668;Galatasaray;Against;Negative;Ridicule
636188836285009;Galatasaray;Against;Negative;Criticism
636188862251991;Galatasaray;Against;Negative;Criticism
636190090688102;Galatasaray;Against;Negative;Criticism
636190239229394;Galatasaray;Against;Negative;Insult
636191913364844;Galatasaray;Against;Negative;Criticism
636192501565661;Galatasaray;Against;Negative;Criticism
636194388859863;Galatasaray;Against;Negative;Criticism
636195066269319;Galatasaray;Against;Negative;Criticism
636206213219373;Galatasaray;Against;Negative;Criticism
636207310579363;Galatasaray;Against;Negative;Ridicule
636207812809490;Galatasaray;Against;Negative;Criticism
636208063498817;Galatasaray;Against;Negative;Ridicule
636208655407390;Galatasaray;Against;Positive;Support
636209414979080;Galatasaray;Against;Neither;Criticism
636210733164929;Galatasaray;Against;Negative;Ridicule
636211521484361;Galatasaray;Against;Neither;Ridicule
636212593535905;Galatasaray;Against;Negative;Insult
636212665417924;Galatasaray;Against;Negative;Criticism
636217350757449;Galatasaray;Against;Negative;Criticism
636219207785517;Galatasaray;Against;Negative;Criticism
636220123813179;Galatasaray;Against;Negative;Ridicule
636523491710365;Galatasaray;Against;Negative;Criticism
636528101502111;Galatasaray;Against;Negative;Ridicule
636529891224199;Galatasaray;Against;Neither;Ridicule
636530097441402;Galatasaray;Against;Negative;Ridicule
636533520538697;Galatasaray;Against;Negative;Criticism
636533846331277;Galatasaray;Against;Negative;Insult
636536199717457;Galatasaray;Against;Negative;Criticism
636536565297250;Galatasaray;Against;Negative;Dislike
636536658217840;Galatasaray;Against;Negative;Criticism
636537126327291;Galatasaray;Against;Negative;Insult
636544950163873;Galatasaray;Against;Negative;Criticism
636546458917990;Galatasaray;Against;Negative;Criticism
636547700314505;Galatasaray;Against;Positive;Support
636550547156410;Galatasaray;Against;Negative;Ridicule
636556335857934;Galatasaray;Against;Negative;Criticism
636563785201942;Galatasaray;Against;Negative;Insult
636564919203270;Galatasaray;Against;Negative;Dislike
636579046411927;Galatasaray;Against;Negative;Dislike
636579287009730;Galatasaray;Against;Negative;Ridicule
636580013156995;Galatasaray;Against;Positive;Ridicule
636580130383622;Galatasaray;Against;Negative;Criticism
636580141595000;Galatasaray;Against;Negative;Criticism
636580736674451;Galatasaray;Against;Negative;Criticism
636582066658910;Galatasaray;Against;Positive;Ridicule
636894177578602;Galatasaray;Against;Negative;Ridicule
636896511595556;Galatasaray;Against;Neither;Ridicule
636900583014813;Galatasaray;Against;Negative;Criticism
636915562673754;Galatasaray;Against;Negative;Ridicule
636917606214205;Galatasaray;Against;Negative;Criticism
636934212671696;Galatasaray;Against;Negative;Ridicule
636938596700831;Galatasaray;Against;Negative;Insult
636938767236997;Galatasaray;Against;Negative;Insult
636938769904611;Galatasaray;Against;Neither;Criticism
636938830260609;Galatasaray;Against;Neither;Criticism
636938861483020;Galatasaray;Against;Negative;Ridicule
636939026612797;Galatasaray;Against;Negative;Insult
636939083353313;Galatasaray;Against;Negative;Insult
636939193097289;Galatasaray;Against;Negative;Ridicule
636939228593680;Galatasaray;Against;Negative;Ridicule
636939237473034;Galatasaray;Against;Negative;Ridicule
637248428351881;Galatasaray;Against;Negative;Dislike
637248973376516;Galatasaray;Against;Negative;Criticism
637249241568673;Galatasaray;Against;Negative;Criticism
637250548639600;Galatasaray;Against;Negative;Ridicule
637251525606305;Galatasaray;Against;Negative;Dislike
637258539346608;Galatasaray;Against;Negative;Criticism
637259441985978;Galatasaray;Against;Negative;Criticism
637262082698801;Galatasaray;Against;Negative;Dislike
637265430399328;Galatasaray;Against;Negative;Criticism
637268774639505;Galatasaray;Against;Negative;Criticism
637273875483619;Galatasaray;Against;Negative;Insult
637274037043994;Galatasaray;Against;Negative;Ridicule
637278822333853;Galatasaray;Against;Negative;Ridicule
637279090567983;Galatasaray;Against;Negative;Insult
637287003193757;Galatasaray;Against;Negative;Dislike
637290920807923;Galatasaray;Against;Negative;Insult
637302011671781;Galatasaray;Against;Neither;Support
637984122078670;Galatasaray;Against;Neither;Ridicule
637992250526593;Galatasaray;Against;Negative;Ridicule
638340594817990;Galatasaray;Against;Negative;Ridicule
638378573066334;Galatasaray;Against;Negative;Criticism
638383373375905;Galatasaray;Against;Negative;Criticism
638383787672498;Galatasaray;Against;Negative;Criticism
638696847591251;Galatasaray;Against;Negative;Criticism
638707878430425;Galatasaray;Against;Negative;Criticism
638714550372691;Galatasaray;Against;Negative;Criticism
638720546461626;Galatasaray;Against;Negative;Criticism
638722123796717;Galatasaray;Against;Negative;Criticism
638722854800986;Galatasaray;Against;Negative;Criticism
638723329839497;Galatasaray;Against;Negative;Criticism
638736979291717;Galatasaray;Against;Negative;Criticism
638740322198159;Galatasaray;Against;Negative;Criticism
638744339397640;Galatasaray;Against;Negative;Insult
638745409163280;Galatasaray;Against;Negative;Criticism
638746895544881;Galatasaray;Against;Negative;Criticism
639083736567558;Galatasaray;Against;Negative;Ridicule
639102270425145;Galatasaray;Against;Negative;Insult
639102968101531;Galatasaray;Against;Negative;Criticism
639104220738813;Galatasaray;Against;Negative;Criticism
639104224261967;Galatasaray;Against;Negative;Ridicule
639104905135935;Galatasaray;Against;Negative;Criticism
639104913696493;Galatasaray;Against;Negative;Criticism
639105039081074;Galatasaray;Against;Negative;Criticism
639105273278431;Galatasaray;Against;Negative;Criticism
639105757825376;Galatasaray;Against;Negative;Criticism
639105919821959;Galatasaray;Against;Negative;Ridicule
639106069730603;Galatasaray;Against;Negative;Criticism
639106252472209;Galatasaray;Against;Negative;Criticism
639106362392363;Galatasaray;Against;Negative;Ridicule
639106408139620;Galatasaray;Against;Negative;Criticism
639106450296545;Galatasaray;Against;Negative;Insult
639106485117714;Galatasaray;Against;Negative;Criticism
639106553077989;Galatasaray;Against;Negative;Criticism
639106678173134;Galatasaray;Against;Negative;Ridicule
639106893198323;Galatasaray;Against;Negative;Ridicule
639106927771930;Galatasaray;Against;Negative;Ridicule
639106957958348;Galatasaray;Against;Negative;Insult
639107055710785;Galatasaray;Against;Negative;Criticism
639107202326884;Galatasaray;Against;Negative;Criticism
639107215241179;Galatasaray;Against;Negative;Criticism
639107232395829;Galatasaray;Against;Negative;Insult
639107340604674;Galatasaray;Against;Negative;Ridicule
639107341644886;Galatasaray;Against;Negative;Criticism
639107465288773;Galatasaray;Against;Negative;Insult
639107504954327;Galatasaray;Against;Negative;Criticism
639107879673430;Galatasaray;Against;Negative;Criticism
639107926767108;Galatasaray;Against;Negative;Criticism
639107935029882;Galatasaray;Against;Negative;Insult
639108007377420;Galatasaray;Against;Negative;Ridicule
639108009730420;Galatasaray;Against;Negative;Criticism
639108069759299;Galatasaray;Against;Negative;Criticism
639108118400647;Galatasaray;Against;Negative;Insult
639108204673269;Galatasaray;Against;Negative;Ridicule
639108378120318;Galatasaray;Against;Negative;Insult
639108443060744;Galatasaray;Against;Negative;Insult
639108454653800;Galatasaray;Against;Negative;Criticism
639108488724152;Galatasaray;Against;Negative;Insult
639108560463527;Galatasaray;Against;Negative;Ridicule
639108858284216;Galatasaray;Against;Negative;Insult
639108881390665;Galatasaray;Against;Negative;Criticism
639108925225349;Galatasaray;Against;Negative;Criticism
639108985384235;Galatasaray;Against;Negative;Ridicule
639109060122529;Galatasaray;Against;Negative;Criticism
639109089377841;Galatasaray;Against;Negative;Criticism
639109103823007;Galatasaray;Against;Negative;Criticism
639109200057094;Galatasaray;Against;Negative;Insult
633654268143267;Fenerbahçe;Favor;Positive;Support
633654550562500;Fenerbahçe;Favor;Negative;Good-Wishes
633655428442902;Fenerbahçe;Favor;Neither;Support
633656717339926;Fenerbahçe;Favor;Positive;Good-Wishes
633657502140383;Fenerbahçe;Favor;Neither;Support
633658253256335;Fenerbahçe;Favor;Positive;Support
633662966416715;Fenerbahçe;Favor;Positive;Support
633664621711347;Fenerbahçe;Favor;Positive;Support
633666577137827;Fenerbahçe;Favor;Negative;Ridicule
633666684222578;Fenerbahçe;Favor;Positive;Support
633667752054640;Fenerbahçe;Favor;Neither;Support
633668739213475;Fenerbahçe;Favor;Positive;Support
633668965529714;Fenerbahçe;Favor;Positive;Support
633669035914346;Fenerbahçe;Favor;Neither;Ridicule
633669120886710;Fenerbahçe;Favor;Positive;Support
633669136250478;Fenerbahçe;Favor;Positive;Cheer
633671142650347;Fenerbahçe;Favor;Positive;Support
633671451065905;Fenerbahçe;Favor;Positive;Support
633671468048601;Fenerbahçe;Favor;Positive;Support
633671488743305;Fenerbahçe;Favor;Positive;Support
633671511728070;Fenerbahçe;Favor;Positive;Support
633671513170948;Fenerbahçe;Favor;Positive;Support
633671596587225;Fenerbahçe;Favor;Positive;Support
633671727663423;Fenerbahçe;Favor;Positive;Cheer
633671885490909;Fenerbahçe;Favor;Positive;Support
633672057532862;Fenerbahçe;Favor;Positive;Support
633673138585399;Fenerbahçe;Favor;Positive;Support
633675000361426;Fenerbahçe;Favor;Positive;Support
633675517099704;Fenerbahçe;Favor;Positive;Support
633680758440390;Fenerbahçe;Favor;Positive;Support
633680819538788;Fenerbahçe;Favor;Positive;Support
633681982954831;Fenerbahçe;Favor;Positive;Support
633683539423297;Fenerbahçe;Favor;Positive;Good-Wishes
633683877417123;Fenerbahçe;Favor;Positive;Support
633685131618877;Fenerbahçe;Favor;Positive;Support
633688211232059;Fenerbahçe;Favor;Positive;Support
633688329633050;Fenerbahçe;Favor;Negative;Insult
633688904529481;Fenerbahçe;Favor;Positive;Support
633689893017923;Fenerbahçe;Favor;Positive;Support
633692926376312;Fenerbahçe;Favor;Positive;Support
633696932859392;Fenerbahçe;Favor;Negative;Ridicule
633697056129970;Fenerbahçe;Favor;Positive;Support
633698837295689;Fenerbahçe;Favor;Positive;Support
633699720582533;Fenerbahçe;Favor;Positive;Support
633701417086226;Fenerbahçe;Favor;Positive;Support
633701483356258;Fenerbahçe;Favor;Positive;Support
633703876231888;Fenerbahçe;Favor;Positive;Support
633706122529124;Fenerbahçe;Favor;Positive;Support
633706294512369;Fenerbahçe;Favor;Positive;Support
633706511022321;Fenerbahçe;Favor;Negative;Dislike
633708879046672;Fenerbahçe;Favor;Negative;Criticism
633986648775262;Fenerbahçe;Favor;Positive;Support
633987114259062;Fenerbahçe;Favor;Positive;Support
633989563766165;Fenerbahçe;Favor;Positive;Support
633993009772785;Fenerbahçe;Favor;Positive;Support
633993031503491;Fenerbahçe;Favor;Positive;Cheer
633996034654515;Fenerbahçe;Favor;Positive;Cheer
633996245703507;Fenerbahçe;Favor;Neither;Support
633996290624520;Fenerbahçe;Favor;Positive;Support
633998433242742;Fenerbahçe;Favor;Negative;Dislike
633999377787392;Fenerbahçe;Favor;Positive;Support
634000834242678;Fenerbahçe;Favor;Positive;Good-Wishes
634000877217546;Fenerbahçe;Favor;Positive;Support
634004332120305;Fenerbahçe;Favor;Neither;Support
634009301376438;Fenerbahçe;Favor;Positive;Support
634010445305790;Fenerbahçe;Favor;Positive;Support
634010714638823;Fenerbahçe;Favor;Positive;Support
634010904020025;Fenerbahçe;Favor;Positive;Support
634011508691861;Fenerbahçe;Favor;Positive;Support
634011719631831;Fenerbahçe;Favor;Positive;Support
634014357043695;Fenerbahçe;Favor;Positive;Support
634021571821215;Fenerbahçe;Favor;Positive;Support
634024803972849;Fenerbahçe;Favor;Positive;Support
634028774309367;Fenerbahçe;Favor;Positive;Support
634033868912361;Fenerbahçe;Favor;Positive;Cheer
634034331321765;Fenerbahçe;Favor;Positive;Cheer
634035633783222;Fenerbahçe;Favor;Positive;Support
634037045372043;Fenerbahçe;Favor;Positive;Cheer
634040518578708;Fenerbahçe;Favor;Positive;Support
634347083235991;Fenerbahçe;Favor;Negative;Support
634347702646607;Fenerbahçe;Favor;Positive;Support
634347968204775;Fenerbahçe;Favor;Positive;Support
634348711397560;Fenerbahçe;Favor;Negative;Support
634350466617487;Fenerbahçe;Favor;Positive;Cheer
634350589397307;Fenerbahçe;Favor;Positive;Support
634351354635550;Fenerbahçe;Favor;Positive;Support
634351381240004;Fenerbahçe;Favor;Positive;Support
634351806856982;Fenerbahçe;Favor;Positive;Good-Wishes
634351895709138;Fenerbahçe;Favor;Positive;Support
634352751225499;Fenerbahçe;Favor;Positive;Support
634352986899222;Fenerbahçe;Favor;Positive;Cheer
634353522448969;Fenerbahçe;Favor;Positive;Support
634353544175464;Fenerbahçe;Favor;Positive;Cheer
634353584193306;Fenerbahçe;Favor;Positive;Support
634353701482823;Fenerbahçe;Favor;Positive;Cheer
634354026260353;Fenerbahçe;Favor;Positive;Cheer
634354458370179;Fenerbahçe;Favor;Positive;Support
634354668186042;Fenerbahçe;Favor;Positive;Support
634355747367833;Fenerbahçe;Favor;Positive;Good-Wishes
634355981506506;Fenerbahçe;Favor;Positive;Good-Wishes
634356653081632;Fenerbahçe;Favor;Positive;Support
634358653731082;Fenerbahçe;Favor;Positive;Support
634358741329010;Fenerbahçe;Favor;Positive;Support
634358894018592;Fenerbahçe;Favor;Positive;Support
634359672758251;Fenerbahçe;Favor;Positive;Support
634360192080179;Fenerbahçe;Favor;Positive;Cheer
634362740295995;Fenerbahçe;Favor;Positive;Support
634362804129112;Fenerbahçe;Favor;Positive;Support
634364694275489;Fenerbahçe;Favor;Positive;Support
634364873355468;Fenerbahçe;Favor;Positive;Good-Wishes
634365013323587;Fenerbahçe;Favor;Positive;Support
634365461384269;Fenerbahçe;Favor;Positive;Support
634366423243034;Fenerbahçe;Favor;Positive;Support
634367282580463;Fenerbahçe;Favor;Positive;Support
634367357893406;Fenerbahçe;Favor;Positive;Good-Wishes
634367576412430;Fenerbahçe;Favor;Positive;Support
634368319936692;Fenerbahçe;Favor;Positive;Cheer
634369375013896;Fenerbahçe;Favor;Neither;Dislike
634369836487974;Fenerbahçe;Favor;Positive;Support
634370855422820;Fenerbahçe;Favor;Positive;Support
634371130762076;Fenerbahçe;Favor;Positive;Support
634371297166893;Fenerbahçe;Favor;Positive;Support
634371633852088;Fenerbahçe;Favor;Positive;Support
634372694113431;Fenerbahçe;Favor;Positive;Good-Wishes
634376892750147;Fenerbahçe;Favor;Positive;Good-Wishes
634378266959327;Fenerbahçe;Favor;Positive;Cheer
634378287423299;Fenerbahçe;Favor;Positive;Cheer
634378649240776;Fenerbahçe;Favor;Positive;Support
634378830782853;Fenerbahçe;Favor;Positive;Support
634379974846361;Fenerbahçe;Favor;Positive;Support
634380878488162;Fenerbahçe;Favor;Positive;Support
634381109317500;Fenerbahçe;Favor;Positive;Support
634381200392593;Fenerbahçe;Favor;Positive;Good-Wishes
634381782310342;Fenerbahçe;Favor;Positive;Support
634382150972928;Fenerbahçe;Favor;Positive;Support
634382627890442;Fenerbahçe;Favor;Positive;Support
634385304712019;Fenerbahçe;Favor;Positive;Good-Wishes
634387588833538;Fenerbahçe;Favor;Positive;Support
634389711533047;Fenerbahçe;Favor;Positive;Support
634390322534088;Fenerbahçe;Favor;Positive;Support
634390472388177;Fenerbahçe;Favor;Positive;Cheer
634390797295747;Fenerbahçe;Favor;Positive;Support
634392875581722;Fenerbahçe;Favor;Positive;Good-Wishes
634394640238673;Fenerbahçe;Favor;Positive;Good-Wishes
634395351303258;Fenerbahçe;Favor;Positive;Support
634395784331567;Fenerbahçe;Favor;Positive;Cheer
634396291565551;Fenerbahçe;Favor;Positive;Support
634396305876459;Fenerbahçe;Favor;Positive;Support
634396368803622;Fenerbahçe;Favor;Positive;Support
634396491239542;Fenerbahçe;Favor;Positive;Cheer
634396547313201;Fenerbahçe;Favor;Positive;Support
634396608755576;Fenerbahçe;Favor;Positive;Good-Wishes
634397879981969;Fenerbahçe;Favor;Neither;Support
634398551511056;Fenerbahçe;Favor;Positive;Support
634400805404196;Fenerbahçe;Favor;Positive;Cheer
634400963135184;Fenerbahçe;Favor;Positive;Support
634401283663876;Fenerbahçe;Favor;Positive;Support
634401897374437;Fenerbahçe;Favor;Positive;Good-Wishes
634403594696032;Fenerbahçe;Favor;Positive;Support
634404039434895;Fenerbahçe;Favor;Positive;Good-Wishes
634404173786779;Fenerbahçe;Favor;Positive;Cheer
634404269446275;Fenerbahçe;Favor;Positive;Support
634405809062064;Fenerbahçe;Favor;Positive;Support
634405898929184;Fenerbahçe;Favor;Positive;Support
634407292268580;Fenerbahçe;Favor;Positive;Support
634407650449604;Fenerbahçe;Favor;Positive;Support
634408589772386;Fenerbahçe;Favor;Positive;Good-Wishes
634712062849998;Fenerbahçe;Favor;Positive;Support
634724489687920;Fenerbahçe;Favor;Positive;Support
634742895719903;Fenerbahçe;Favor;Positive;Support
634742970554675;Fenerbahçe;Favor;Positive;Dislike
634747064065388;Fenerbahçe;Favor;Positive;Support
634749329241186;Fenerbahçe;Favor;Positive;Support
634755672538750;Fenerbahçe;Favor;Positive;Support
634758486660935;Fenerbahçe;Favor;Positive;Cheer
634765228551589;Fenerbahçe;Favor;Positive;Support
634766021581250;Fenerbahçe;Favor;Positive;Support
635083496730554;Fenerbahçe;Favor;Positive;Support
635090938365390;Fenerbahçe;Favor;Positive;Support
635105302350835;Fenerbahçe;Favor;Positive;Support
635115895292055;Fenerbahçe;Favor;Positive;Support
635117544815357;Fenerbahçe;Favor;Positive;Support
635122458614464;Fenerbahçe;Favor;Positive;Support
635129165818241;Fenerbahçe;Favor;Negative;Support
635132224493502;Fenerbahçe;Favor;Positive;Support
635132685166374;Fenerbahçe;Favor;Positive;Support
635136087309066;Fenerbahçe;Favor;Positive;Support
635434263652007;Fenerbahçe;Favor;Positive;Good-Wishes
635434816549355;Fenerbahçe;Favor;Neither;Support
635435300278411;Fenerbahçe;Favor;Positive;Support
635447923581538;Fenerbahçe;Favor;Positive;Support
635448019538866;Fenerbahçe;Favor;Positive;Support
635451508667084;Fenerbahçe;Favor;Positive;Cheer
635459119793729;Fenerbahçe;Favor;Positive;Support
635461230405226;Fenerbahçe;Favor;Positive;Good-Wishes
635463059138564;Fenerbahçe;Favor;Neither;Support
635466688205557;Fenerbahçe;Favor;Positive;Support
635471660141932;Fenerbahçe;Favor;Positive;Good-Wishes
635471925842681;Fenerbahçe;Favor;Positive;Support
635472351707168;Fenerbahçe;Favor;Positive;Support
635484304638935;Fenerbahçe;Favor;Negative;Support
635484727835783;Fenerbahçe;Favor;Positive;Cheer
635486563196141;Fenerbahçe;Favor;Positive;Good-Wishes
635486811490516;Fenerbahçe;Favor;Positive;Support
635488683743969;Fenerbahçe;Favor;Positive;Cheer
635492581934264;Fenerbahçe;Favor;Positive;Support
635799767629602;Fenerbahçe;Favor;Positive;Support
635800958291832;Fenerbahçe;Favor;Positive;Support
635802060638801;Fenerbahçe;Favor;Positive;Support
635813043579039;Fenerbahçe;Favor;Positive;Support
635814084429107;Fenerbahçe;Favor;Neither;Support
635818049363423;Fenerbahçe;Favor;Positive;Support
635827240039788;Fenerbahçe;Favor;Positive;Support
635830150693814;Fenerbahçe;Favor;Positive;Support
635831408485900;Fenerbahçe;Favor;Positive;Support
635845277711269;Fenerbahçe;Favor;Positive;Support
635845813021868;Fenerbahçe;Favor;Positive;Support
635845919947276;Fenerbahçe;Favor;Positive;Support
635845933935280;Fenerbahçe;Favor;Positive;Support
635846764524892;Fenerbahçe;Favor;Positive;Support
635850545366999;Fenerbahçe;Favor;Positive;Support
635851631595286;Fenerbahçe;Favor;Positive;Support
635853642696888;Fenerbahçe;Favor;Positive;Support
636166052980871;Fenerbahçe;Favor;Positive;Support
636174702336188;Fenerbahçe;Favor;Positive;Support
636178778272755;Fenerbahçe;Favor;Positive;Support
636180149323624;Fenerbahçe;Favor;Positive;Support
636180430451032;Fenerbahçe;Favor;Positive;Support
636191900693831;Fenerbahçe;Favor;Positive;Cheer
636200719075385;Fenerbahçe;Favor;Positive;Cheer
636522231418499;Fenerbahçe;Favor;Positive;Support
636526777507160;Fenerbahçe;Favor;Positive;Support
636531572884307;Fenerbahçe;Favor;Positive;Support
636541216411254;Fenerbahçe;Favor;Positive;Support
636561874495082;Fenerbahçe;Favor;Positive;Support
636562818284847;Fenerbahçe;Favor;Positive;Support
636570663877263;Fenerbahçe;Favor;Positive;Support
636890486112960;Fenerbahçe;Favor;Positive;Support
636909361001033;Fenerbahçe;Favor;Positive;Support
636911870281166;Fenerbahçe;Favor;Positive;Support
636915047743275;Fenerbahçe;Favor;Positive;Support
636919193519161;Fenerbahçe;Favor;Positive;Good-Wishes
636921407994245;Fenerbahçe;Favor;Positive;Support
636927886495252;Fenerbahçe;Favor;Positive;Support
636928464042463;Fenerbahçe;Favor;Positive;Support
636929818521636;Fenerbahçe;Favor;Positive;Support
636931363938152;Fenerbahçe;Favor;Positive;Support
639068242267521;Fenerbahçe;Favor;Negative;Support
639082666541846;Fenerbahçe;Favor;Positive;Good-Wishes
639083736567558;Fenerbahçe;Favor;Neither;Ridicule
639085150362578;Fenerbahçe;Favor;Positive;Support
639102573417484;Fenerbahçe;Favor;Positive;Support
639105245751169;Fenerbahçe;Favor;Positive;Support
639107421277978;Fenerbahçe;Favor;Positive;Cheer
639107942856421;Fenerbahçe;Favor;Positive;Support
639429366183759;Fenerbahçe;Favor;Positive;Support
639432512645779;Fenerbahçe;Favor;Positive;Support
639436766328541;Fenerbahçe;Favor;Positive;Support
639444295997628;Fenerbahçe;Favor;Positive;Support
639469685835214;Fenerbahçe;Favor;Positive;Support
639482252422959;Fenerbahçe;Favor;Positive;Support
639482275776888;Fenerbahçe;Favor;Positive;Support
639837302869463;Fenerbahçe;Favor;Negative;Ridicule
640154244599947;Fenerbahçe;Favor;Positive;Support
640183439145201;Fenerbahçe;Favor;Positive;Support
640508437634416;Fenerbahçe;Favor;Positive;Support
640514927921393;Fenerbahçe;Favor;Negative;Support
640519043351449;Fenerbahçe;Favor;Positive;Support
640522791377309;Fenerbahçe;Favor;Negative;Support
633655562748739;Fenerbahçe;Against;Negative;Ridicule
633656246579654;Fenerbahçe;Against;Negative;Ridicule
633657099499753;Fenerbahçe;Against;Negative;Ridicule
633659886883205;Fenerbahçe;Against;Negative;Ridicule
633661667247849;Fenerbahçe;Against;Negative;Ridicule
633662422449045;Fenerbahçe;Against;Neither;Support
633664943338995;Fenerbahçe;Against;Negative;Ridicule
633667137798828;Fenerbahçe;Against;Negative;Ridicule
633667869390295;Fenerbahçe;Against;Negative;Ridicule
633667869839110;Fenerbahçe;Against;Negative;Ridicule
633668262736338;Fenerbahçe;Against;Positive;Support
633670475135193;Fenerbahçe;Against;Neither;Good-Wishes
633671474432315;Fenerbahçe;Against;Negative;Insult
633671479356469;Fenerbahçe;Against;Negative;Ridicule
633672299028312;Fenerbahçe;Against;Negative;Ridicule
633676038304829;Fenerbahçe;Against;Negative;Ridicule
633678787784384;Fenerbahçe;Against;Negative;Ridicule
633678863483072;Fenerbahçe;Against;Negative;Insult
633682269132226;Fenerbahçe;Against;Negative;Ridicule
633686152512466;Fenerbahçe;Against;Negative;Criticism
633688586395746;Fenerbahçe;Against;Neither;Support
633689499575451;Fenerbahçe;Against;Negative;Ridicule
633695495576268;Fenerbahçe;Against;Negative;Dislike
633697541633273;Fenerbahçe;Against;Negative;Ridicule
633698262189522;Fenerbahçe;Against;Negative;Insult
633698843792703;Fenerbahçe;Against;Negative;Ridicule
633708333069914;Fenerbahçe;Against;Negative;Ridicule
633986875280199;Fenerbahçe;Against;Negative;Ridicule
633989512625057;Fenerbahçe;Against;Negative;Ridicule
633995607091322;Fenerbahçe;Against;Negative;Ridicule
634000415860891;Fenerbahçe;Against;Negative;Dislike
634001498414968;Fenerbahçe;Against;Negative;Ridicule
634003021878444;Fenerbahçe;Against;Negative;Ridicule
634003313420300;Fenerbahçe;Against;Negative;Ridicule
634010208436547;Fenerbahçe;Against;Negative;Ridicule
634010666651807;Fenerbahçe;Against;Negative;Ridicule
634039614999785;Fenerbahçe;Against;Negative;Ridicule
634040530016555;Fenerbahçe;Against;Negative;Ridicule
634348279271043;Fenerbahçe;Against;Negative;Ridicule
634349443878400;Fenerbahçe;Against;Negative;Ridicule
634354411058429;Fenerbahçe;Against;Negative;Insult
634361451789074;Fenerbahçe;Against;Negative;Insult
634369165890060;Fenerbahçe;Against;Negative;Dislike
634369357850787;Fenerbahçe;Against;Negative;Dislike
634370503696871;Fenerbahçe;Against;Negative;Ridicule
634379906198188;Fenerbahçe;Against;Negative;Ridicule
634381509777059;Fenerbahçe;Against;Negative;Support
634383755302584;Fenerbahçe;Against;Negative;Insult
634383810138869;Fenerbahçe;Against;Neither;Good-Wishes
634404220205170;Fenerbahçe;Against;Positive;Good-Wishes
634405730100117;Fenerbahçe;Against;Negative;Ridicule
634725098684084;Fenerbahçe;Against;Negative;Ridicule
634754311826853;Fenerbahçe;Against;Negative;Ridicule
634763832372686;Fenerbahçe;Against;Negative;Ridicule
635080141538988;Fenerbahçe;Against;Negative;Ridicule
635099218949074;Fenerbahçe;Against;Positive;Support
635105052630323;Fenerbahçe;Against;Negative;Support
635112436236992;Fenerbahçe;Against;Negative;Criticism
635115313227563;Fenerbahçe;Against;Negative;Ridicule
635128145436385;Fenerbahçe;Against;Negative;Ridicule
635128601176879;Fenerbahçe;Against;Negative;Ridicule
635440280506904;Fenerbahçe;Against;Negative;Insult
635455392852627;Fenerbahçe;Against;Negative;Insult
635457584829440;Fenerbahçe;Against;Negative;Dislike
635458915245944;Fenerbahçe;Against;Negative;Ridicule
635476961821913;Fenerbahçe;Against;Negative;Dislike
635488814128066;Fenerbahçe;Against;Negative;Insult
635822408012800;Fenerbahçe;Against;Negative;Criticism
635827078005424;Fenerbahçe;Against;Negative;Criticism
635828485798395;Fenerbahçe;Against;Negative;Dislike
635831302671962;Fenerbahçe;Against;Negative;Ridicule
635832281358290;Fenerbahçe;Against;Negative;Criticism
635833014258417;Fenerbahçe;Against;Negative;Insult
635836604259651;Fenerbahçe;Against;Negative;Ridicule
635836798023897;Fenerbahçe;Against;Negative;Ridicule
635838081380274;Fenerbahçe;Against;Negative;Ridicule
635838155200032;Fenerbahçe;Against;Negative;Criticism
635838402219393;Fenerbahçe;Against;Negative;Ridicule
635839418188869;Fenerbahçe;Against;Negative;Criticism
635839481992609;Fenerbahçe;Against;Negative;Ridicule
635840353178923;Fenerbahçe;Against;Negative;Ridicule
635840427703332;Fenerbahçe;Against;Negative;Ridicule
635841332154617;Fenerbahçe;Against;Negative;Dislike
635841891666411;Fenerbahçe;Against;Negative;Ridicule
635842146512281;Fenerbahçe;Against;Negative;Criticism
635842549224243;Fenerbahçe;Against;Negative;Ridicule
635843713403617;Fenerbahçe;Against;Negative;Criticism
635843810099089;Fenerbahçe;Against;Negative;Insult
635843936607694;Fenerbahçe;Against;Negative;Insult
635845183146459;Fenerbahçe;Against;Negative;Ridicule
635845226297458;Fenerbahçe;Against;Negative;Criticism
635845340281880;Fenerbahçe;Against;Negative;Insult
635845775159857;Fenerbahçe;Against;Negative;Criticism
635846038251827;Fenerbahçe;Against;Negative;Criticism
635847423772987;Fenerbahçe;Against;Negative;Dislike
635849524515352;Fenerbahçe;Against;Negative;Criticism
635849532316745;Fenerbahçe;Against;Negative;Insult
635849996722642;Fenerbahçe;Against;Negative;Criticism
635850267678908;Fenerbahçe;Against;Negative;Ridicule
635850492694929;Fenerbahçe;Against;Negative;Ridicule
635851619066867;Fenerbahçe;Against;Negative;Criticism
635853932372361;Fenerbahçe;Against;Negative;Ridicule
635854199754985;Fenerbahçe;Against;Negative;Ridicule
635855618096689;Fenerbahçe;Against;Negative;Criticism
635857372859269;Fenerbahçe;Against;Negative;Ridicule
635857906064355;Fenerbahçe;Against;Negative;Ridicule
635858110930907;Fenerbahçe;Against;Negative;Ridicule
636166921180872;Fenerbahçe;Against;Negative;Insult
636178796870266;Fenerbahçe;Against;Negative;Ridicule
636183782849179;Fenerbahçe;Against;Negative;Ridicule
636186008023908;Fenerbahçe;Against;Negative;Criticism
636186626717286;Fenerbahçe;Against;Negative;Criticism
636188064935772;Fenerbahçe;Against;Negative;Insult
636201579134234;Fenerbahçe;Against;Negative;Criticism
636219436236734;Fenerbahçe;Against;Negative;Criticism
636219960327598;Fenerbahçe;Against;Negative;Criticism
636529215660290;Fenerbahçe;Against;Negative;Insult
636529786198827;Fenerbahçe;Against;Negative;Support
636541472632909;Fenerbahçe;Against;Negative;Insult
636541582074843;Fenerbahçe;Against;Negative;Ridicule
636542697415790;Fenerbahçe;Against;Negative;Criticism
636547320100843;Fenerbahçe;Against;Negative;Ridicule
636548558141923;Fenerbahçe;Against;Negative;Ridicule
636549350932488;Fenerbahçe;Against;Negative;Dislike
636550822147584;Fenerbahçe;Against;Negative;Criticism
636551197965615;Fenerbahçe;Against;Negative;Dislike
636551501155049;Fenerbahçe;Against;Negative;Ridicule
636551616922058;Fenerbahçe;Against;Positive;Ridicule
636553507735113;Fenerbahçe;Against;Negative;Ridicule
636565155476807;Fenerbahçe;Against;Negative;Ridicule
636895218491609;Fenerbahçe;Against;Negative;Ridicule
636901768073494;Fenerbahçe;Against;Negative;Criticism
636902272488882;Fenerbahçe;Against;Negative;Ridicule
636903780278239;Fenerbahçe;Against;Negative;Ridicule
636906236357791;Fenerbahçe;Against;Negative;Ridicule
636906382617378;Fenerbahçe;Against;Negative;Ridicule
636906459448668;Fenerbahçe;Against;Negative;Ridicule
636906596791132;Fenerbahçe;Against;Negative;Ridicule
636906650226573;Fenerbahçe;Against;Negative;Ridicule
636907096429207;Fenerbahçe;Against;Negative;Ridicule
636908001094463;Fenerbahçe;Against;Negative;Ridicule
636909388893159;Fenerbahçe;Against;Negative;Insult
636911544236945;Fenerbahçe;Against;Negative;Ridicule
636912539041988;Fenerbahçe;Against;Negative;Criticism
636912599263801;Fenerbahçe;Against;Negative;Criticism
636913546098573;Fenerbahçe;Against;Negative;Ridicule
636914309772242;Fenerbahçe;Against;Negative;Ridicule
636916750890729;Fenerbahçe;Against;Negative;Insult
636917690851004;Fenerbahçe;Against;Negative;Ridicule
636917713986826;Fenerbahçe;Against;Negative;Ridicule
636917720487993;Fenerbahçe;Against;Negative;Ridicule
636917900184522;Fenerbahçe;Against;Negative;Insult
636918657378054;Fenerbahçe;Against;Negative;Criticism
636919339489345;Fenerbahçe;Against;Negative;Insult
636919427854934;Fenerbahçe;Against;Negative;Ridicule
636919746437496;Fenerbahçe;Against;Negative;Ridicule
636920950114643;Fenerbahçe;Against;Negative;Ridicule
636921257385193;Fenerbahçe;Against;Negative;Ridicule
636921532393103;Fenerbahçe;Against;Negative;Dislike
636922293944496;Fenerbahçe;Against;Negative;Ridicule
636922342170619;Fenerbahçe;Against;Negative;Ridicule
636924217091616;Fenerbahçe;Against;Negative;Ridicule
636924224104480;Fenerbahçe;Against;Negative;Ridicule
636924233998798;Fenerbahçe;Against;Negative;Ridicule
636924760539168;Fenerbahçe;Against;Negative;Ridicule
636924943922515;Fenerbahçe;Against;Negative;Ridicule
636925018220425;Fenerbahçe;Against;Negative;Ridicule
636925294998368;Fenerbahçe;Against;Negative;Ridicule
636925487873454;Fenerbahçe;Against;Negative;Ridicule
636925606941323;Fenerbahçe;Against;Negative;Ridicule
636925651631665;Fenerbahçe;Against;Negative;Ridicule
636925914492878;Fenerbahçe;Against;Negative;Ridicule
636926250955763;Fenerbahçe;Against;Negative;Ridicule
636926547291672;Fenerbahçe;Against;Negative;Ridicule
636926614367027;Fenerbahçe;Against;Negative;Ridicule
636927096900730;Fenerbahçe;Against;Negative;Ridicule
636927130497101;Fenerbahçe;Against;Negative;Ridicule
636927166530355;Fenerbahçe;Against;Negative;Ridicule
636927560765583;Fenerbahçe;Against;Negative;Ridicule
636927895139692;Fenerbahçe;Against;Negative;Ridicule
636928068737740;Fenerbahçe;Against;Negative;Ridicule
636928475258089;Fenerbahçe;Against;Negative;Ridicule
636928581202014;Fenerbahçe;Against;Negative;Ridicule
636929132333559;Fenerbahçe;Against;Negative;Ridicule
636929265439776;Fenerbahçe;Against;Negative;Ridicule
636929285111066;Fenerbahçe;Against;Negative;Ridicule
636929396109131;Fenerbahçe;Against;Negative;Ridicule
636929528145801;Fenerbahçe;Against;Negative;Ridicule
636929621653630;Fenerbahçe;Against;Negative;Ridicule
636929754579501;Fenerbahçe;Against;Negative;Ridicule
636929794677047;Fenerbahçe;Against;Negative;Ridicule
636929797164298;Fenerbahçe;Against;Negative;Ridicule
636929931226841;Fenerbahçe;Against;Negative;Ridicule
636930040651993;Fenerbahçe;Against;Negative;Insult
636930579380981;Fenerbahçe;Against;Negative;Ridicule
636930625543520;Fenerbahçe;Against;Negative;Ridicule
636931074023686;Fenerbahçe;Against;Negative;Ridicule
636931274289102;Fenerbahçe;Against;Negative;Insult
636931325249912;Fenerbahçe;Against;Negative;Ridicule
636931799529193;Fenerbahçe;Against;Negative;Ridicule
636931914113359;Fenerbahçe;Against;Negative;Ridicule
636931960829530;Fenerbahçe;Against;Negative;Ridicule
636932068543438;Fenerbahçe;Against;Negative;Insult
636932136155656;Fenerbahçe;Against;Negative;Ridicule
636932308470251;Fenerbahçe;Against;Negative;Ridicule
636932363713409;Fenerbahçe;Against;Negative;Ridicule
636932446483820;Fenerbahçe;Against;Negative;Ridicule
636932490196844;Fenerbahçe;Against;Negative;Ridicule
636932659122409;Fenerbahçe;Against;Negative;Ridicule
636933178712850;Fenerbahçe;Against;Negative;Ridicule
636933435253227;Fenerbahçe;Against;Negative;Insult
636933925978415;Fenerbahçe;Against;Negative;Ridicule
636934654713532;Fenerbahçe;Against;Negative;Ridicule
636934760267448;Fenerbahçe;Against;Negative;Ridicule
636935844016848;Fenerbahçe;Against;Negative;Ridicule
636935980616929;Fenerbahçe;Against;Negative;Ridicule
636936058698117;Fenerbahçe;Against;Negative;Ridicule
636936089014534;Fenerbahçe;Against;Negative;Ridicule
636936448864858;Fenerbahçe;Against;Negative;Ridicule
636936881272451;Fenerbahçe;Against;Negative;Ridicule
636936960926445;Fenerbahçe;Against;Negative;Ridicule
636937194071019;Fenerbahçe;Against;Negative;Ridicule
636937275214008;Fenerbahçe;Against;Negative;Ridicule
636938655953735;Fenerbahçe;Against;Negative;Ridicule
636938744378093;Fenerbahçe;Against;Negative;Ridicule
636938840448593;Fenerbahçe;Against;Negative;Ridicule
637246188450918;Fenerbahçe;Against;Negative;Ridicule
637246961373061;Fenerbahçe;Against;Negative;Ridicule
637247733221470;Fenerbahçe;Against;Negative;Ridicule
637247918626443;Fenerbahçe;Against;Negative;Ridicule
637251279119626;Fenerbahçe;Against;Negative;Ridicule
637254456145510;Fenerbahçe;Against;Negative;Ridicule
638336019604054;Fenerbahçe;Against;Negative;Ridicule
638344277345607;Fenerbahçe;Against;Negative;Ridicule
639091685830619;Fenerbahçe;Against;Negative;Insult
639107487573131;Fenerbahçe;Against;Negative;Insult
639116163180572;Fenerbahçe;Against;Negative;Ridicule
639116189701140;Fenerbahçe;Against;Negative;Ridicule
639116924979429;Fenerbahçe;Against;Negative;Criticism
639441412124241;Fenerbahçe;Against;Negative;Ridicule
639466283604516;Fenerbahçe;Against;Negative;Dislike
639784002317066;Fenerbahçe;Against;Negative;Ridicule
639792394016264;Fenerbahçe;Against;Negative;Dislike
639799306682277;Fenerbahçe;Against;Negative;Ridicule
639816184918052;Fenerbahçe;Against;Negative;Ridicule
639820112678232;Fenerbahçe;Against;Negative;Insult
639825756818931;Fenerbahçe;Against;Negative;Ridicule
639838224186241;Fenerbahçe;Against;Negative;Ridicule
639845660796276;Fenerbahçe;Against;Negative;Insult
640159114354651;Fenerbahçe;Against;Negative;Insult
640172896632074;Fenerbahçe;Against;Negative;Criticism
640178177839644;Fenerbahçe;Against;Negative;Insult
640522614901997;Fenerbahçe;Against;Negative;Dislike
640548037547421;Fenerbahçe;Against;Negative;Dislike
640551214653001;Fenerbahçe;Against;Negative;Ridicule
640552972192190;Fenerbahçe;Against;Negative;Ridicule
640559761742819;Fenerbahçe;Against;Negative;Ridicule
640562803762458;Fenerbahçe;Against;Negative;Dislike
640563012307451;Fenerbahçe;Against;Negative;Ridicule